Workbook

Sheet 地区内転居出
A1: ゾーン | B1: 2015 | C1: 2016 | D1: 2017 | E1: 2018 | F1: 2019 | G1: 2020 | H1: 2021 | I1: 2022 | J1: 2023 | K1: 2024 | L1: 期間中増減 | M1: 期間中増減率
A2: 番町 | B2: 277 | C2: 232 | D2: 276 | E2: 321 | F2: 216 | G2: 196 | H2: 166 | I2: 234 | J2: 249 | K2: 190 | L2: =K2-B2 -> -87 | M2: =K2/B2*100 - 100 -> -31.407942
A3: 東雲 | B3: 513 | C3: 415 | D3: 490 | E3: 484 | F3: 471 | G3: 444 | H3: 425 | I3: 468 | J3: 384 | K3: 390 | L3: =K3-B3 -> -123 | M3: =K3/B3*100 - 100 -> -23.976608
A4: 八坂 | B4: 348 | C4: 331 | D4: 329 | E4: 316 | F4: 319 | G4: 287 | H4: 335 | I4: 289 | J4: 292 | K4: 300 | L4: =K4-B4 -> -48 | M4: =K4/B4*100 - 100 -> -13.793103
A5: 素鵞 | B5: 1420 | C5: 1322 | D5: 1371 | E5: 1303 | F5: 1318 | G5: 1269 | H5: 1261 | I5: 1228 | J5: 1134 | K5: 1138 | L5: =K5-B5 -> -282 | M5: =K5/B5*100 - 100 -> -19.859155
A6: 雄郡 | B6: 2135 | C6: 1960 | D6: 1905 | E6: 1869 | F6: 1939 | G6: 1908 | H6: 1876 | I6: 1828 | J6: 1646 | K6: 1702 | L6: =K6-B6 -> -433 | M6: =K6/B6*100 - 100 -> -20.28103
A7: 新玉 | B7: 810 | C7: 699 | D7: 761 | E7: 868 | F7: 748 | G7: 711 | H7: 750 | I7: 652 | J7: 694 | K7: 655 | L7: =K7-B7 -> -155 | M7: =K7/B7*100 - 100 -> -19.135802
A8: 味酒 | B8: 1149 | C8: 1131 | D8: 1121 | E8: 1219 | F8: 1066 | G8: 1132 | H8: 1089 | I8: 1064 | J8: 949 | K8: 968 | L8: =K8-B8 -> -181 | M8: =K8/B8*100 - 100 -> -15.752829
A9: 清水 | B9: 1547 | C9: 1519 | D9: 1413 | E9: 1378 | F9: 1372 | G9: 1466 | H9: 1468 | I9: 1357 | J9: 1140 | K9: 1377 | L9: =K9-B9 -> -170 | M9: =K9/B9*100 - 100 -> -10.989011
A10: 桑原 | B10: 1427 | C10: 1480 | D10: 1358 | E10: 1366 | F10: 1411 | G10: 1375 | H10: 1253 | I10: 1276 | J10: 1256 | K10: 1180 | L10: =K10-B10 -> -247 | M10: =K10/B10*100 - 100 -> -17.30904
A11: 道後 | B11: 1336 | C11: 1312 | D11: 1175 | E11: 1264 | F11: 1171 | G11: 1088 | H11: 1197 | I11: 1227 | J11: 1066 | K11: 1137 | L11: =K11-B11 -> -199 | M11: =K11/B11*100 - 100 -> -14.89521
A12: 味生 | B12: 1425 | C12: 1392 | D12: 1295 | E12: 1371 | F12: 1348 | G12: 1400 | H12: 1355 | I12: 1143 | J12: 1197 | K12: 1198 | L12: =K12-B12 -> -227 | M12: =K12/B12*100 - 100 -> -15.929825
A13: 生石 | B13: 967 | C13: 828 | D13: 839 | E13: 843 | F13: 902 | G13: 916 | H13: 798 | I13: 738 | J13: 781 | K13: 728 | L13: =K13-B13 -> -239 | M13: =K13/B13*100 - 100 -> -24.715615
... A45: 神和 | B45: 24 | C45: 23 | D45: 30 | E45: 24 | F45: 21 | G45: 13 | H45: 10 | I45: 7 | J45: 9 | K45: 8 | L45: =K45-B45 -> -16 | M45: =K45/B45*100 - 100 -> -66.666667

Sheet 地区外転出
A1: ゾーン | B1: 2011 | C1: 2012 | D1: 2013 | E1: 2014 | F1: 2015 | G1: 2016 | H1: 2017 | I1: 2018 | J1: 2019 | K1: 2020 | L1: 2021 | M1: 2022 | N1: 2023 | O1: 2024 | P1: 期間中増減 | Q1: 期間中増減率
A2: 番町 | B2: 141 | C2: 128 | D2: 151 | E2: 135 | F2: 143 | G2: 167 | H2: 183 | I2: 163 | J2: 177 | K2: 146 | L2: 173 | M2: 154 | N2: 139 | O2: 192 | P2: =O2-B2 -> 51 | Q2: =O2/B2*100-100 -> 36.170213
A3: 東雲 | B3: 329 | C3: 366 | D3: 382 | E3: 376 | F3: 408 | G3: 414 | H3: 410 | I3: 456 | J3: 498 | K3: 370 | L3: 366 | M3: 430 | N3: 417 | O3: 417 | P3: =O3-B3 -> 88 | Q3: =O3/B3*100-100 -> 26.74772
A4: 八坂 | B4: 174 | C4: 185 | D4: 175 | E4: 180 | F4: 191 | G4: 202 | H4: 198 | I4: 148 | J4: 182 | K4: 185 | L4: 193 | M4: 205 | N4: 181 | O4: 198 | P4: =O4-B4 -> 24 | Q4: =O4/B4*100-100 -> 13.793103
A5: 素鵞 | B5: 685 | C5: 728 | D5: 671 | E5: 560 | F5: 641 | G5: 614 | H5: 660 | I5: 611 | J5: 652 | K5: 644 | L5: 589 | M5: 642 | N5: 676 | O5: 635 | P5: =O5-B5 -> -50 | Q5: =O5/B5*100-100 -> -7.2992701
A6: 雄郡 | B6: 1169 | C6: 1267 | D6: 1233 | E6: 1279 | F6: 1304 | G6: 1354 | H6: 1246 | I6: 1292 | J6: 1307 | K6: 1183 | L6: 1204 | M6: 1335 | N6: 1389 | O6: 1323 | P6: =O6-B6 -> 154 | Q6: =O6/B6*100-100 -> 13.173653
A7: 新玉 | B7: 496 | C7: 474 | D7: 457 | E7: 453 | F7: 515 | G7: 501 | H7: 528 | I7: 495 | J7: 501 | K7: 494 | L7: 463 | M7: 486 | N7: 511 | O7: 518 | P7: =O7-B7 -> 22 | Q7: =O7/B7*100-100 -> 4.4354839
A8: 味酒 | B8: 950 | C8: 882 | D8: 992 | E8: 881 | F8: 1027 | G8: 990 | H8: 953 | I8: 949 | J8: 862 | K8: 898 | L8: 999 | M8: 827 | N8: 889 | O8: 867 | P8: =O8-B8 -> -83 | Q8: =O8/B8*100-100 -> -8.7368421
A9: 清水 | B9: 1042 | C9: 1042 | D9: 1138 | E9: 1099 | F9: 1083 | G9: 1097 | H9: 1148 | I9: 1080 | J9: 1031 | K9: 1035 | L9: 964 | M9: 1024 | N9: 985 | O9: 983 | P9: =O9-B9 -> -59 | Q9: =O9/B9*100-100 -> -5.6621881
A10: 桑原 | B10: 764 | C10: 845 | D10: 864 | E10: 828 | F10: 747 | G10: 869 | H10: 783 | I10: 787 | J10: 736 | K10: 700 | L10: 706 | M10: 739 | N10: 667 | O10: 623 | P10: =O10-B10 -> -141 | Q10: =O10/B10*100-100 -> -18.455497
A11: 道後 | B11: 1182 | C11: 1171 | D11: 1198 | E11: 1285 | F11: 1237 | G11: 1127 | H11: 1134 | I11: 1154 | J11: 1098 | K11: 1016 | L11: 959 | M11: 1021 | N11: 1046 | O11: 1018 | P11: =O11-B11 -> -164 | Q11: =O11/B11*100-100 -> -13.874788
A12: 味生 | B12: 697 | C12: 627 | D12: 595 | E12: 622 | F12: 676 | G12: 564 | H12: 603 | I12: 680 | J12: 649 | K12: 591 | L12: 627 | M12: 689 | N12: 709 | O12: 642 | P12: =O12-B12 -> -55 | Q12: =O12/B12*100-100 -> -7.8909613
A13: 生石 | B13: 417 | C13: 431 | D13: 413 | E13: 577 | F13: 470 | G13: 420 | H13: 471 | I13: 436 | J13: 453 | K13: 432 | L13: 433 | M13: 473 | N13: 474 | O13: 425 | P13: =O13-B13 -> 8 | Q13: =O13/B13*100-100 -> 1.9184652
... A45: 神和 | B45: 9 | C45: 10 | D45: 5 | E45: 4 | F45: 10 | G45: 9 | H45: 2 | I45: 9 | J45: 5 | K45: 5 | L45: 4 | M45: 3 | N45: 6 | O45: 1 | P45: =O45-B45 -> -8 | Q45: =O45/B45*100-100 -> -88.888889

Sheet 地区内転居入
A1: ゾーン | B1: 2015 | C1: 2016 | D1: 2017 | E1: 2018 | F1: 2019 | G1: 2020 | H1: 2021 | I1: 2022 | J1: 2023 | K1: 2024 | L1: 期間中増減 | M1: 期間中増減率
A2: 番町 | B2: 239 | C2: 239 | D2: 355 | E2: 202 | F2: 298 | G2: 227 | H2: 187 | I2: 175 | J2: 312 | K2: 234 | L2: =K2-B2 -> -5 | M2: =K2/B2*100 - 100 -> -2.0920502
A3: 東雲 | B3: 679 | C3: 515 | D3: 536 | E3: 529 | F3: 435 | G3: 485 | H3: 401 | I3: 398 | J3: 408 | K3: 405 | L3: =K3-B3 -> -274 | M3: =K3/B3*100 - 100 -> -40.353461
A4: 八坂 | B4: 408 | C4: 349 | D4: 349 | E4: 293 | F4: 276 | G4: 359 | H4: 232 | I4: 284 | J4: 325 | K4: 390 | L4: =K4-B4 -> -18 | M4: =K4/B4*100 - 100 -> -4.4117647
A5: 素鵞 | B5: 1351 | C5: 1365 | D5: 1279 | E5: 1227 | F5: 1309 | G5: 1181 | H5: 1176 | I5: 1197 | J5: 1165 | K5: 1087 | L5: =K5-B5 -> -264 | M5: =K5/B5*100 - 100 -> -19.541081
A6: 雄郡 | B6: 1984 | C6: 1810 | D6: 1775 | E6: 1852 | F6: 1714 | G6: 1786 | H6: 1870 | I6: 1771 | J6: 1678 | K6: 1686 | L6: =K6-B6 -> -298 | M6: =K6/B6*100 - 100 -> -15.020161
A7: 新玉 | B7: 773 | C7: 710 | D7: 669 | E7: 852 | F7: 717 | G7: 619 | H7: 626 | I7: 644 | J7: 621 | K7: 572 | L7: =K7-B7 -> -201 | M7: =K7/B7*100 - 100 -> -26.002587
A8: 味酒 | B8: 1205 | C8: 1123 | D8: 1139 | E8: 1156 | F8: 1093 | G8: 1139 | H8: 941 | I8: 949 | J8: 824 | K8: 1058 | L8: =K8-B8 -> -147 | M8: =K8/B8*100 - 100 -> -12.19917
A9: 清水 | B9: 1349 | C9: 1335 | D9: 1301 | E9: 1261 | F9: 1362 | G9: 1292 | H9: 1412 | I9: 1244 | J9: 1033 | K9: 1210 | L9: =K9-B9 -> -139 | M9: =K9/B9*100 - 100 -> -10.303929
A10: 桑原 | B10: 1397 | C10: 1510 | D10: 1438 | E10: 1649 | F10: 1390 | G10: 1365 | H10: 1436 | I10: 1411 | J10: 1343 | K10: 1281 | L10: =K10-B10 -> -116 | M10: =K10/B10*100 - 100 -> -8.3035075
A11: 道後 | B11: 1273 | C11: 1239 | D11: 1176 | E11: 1123 | F11: 1235 | G11: 1097 | H11: 1485 | I11: 1237 | J11: 1080 | K11: 1011 | L11: =K11-B11 -> -262 | M11: =K11/B11*100 - 100 -> -20.581304
A12: 味生 | B12: 1611 | C12: 1473 | D12: 1437 | E12: 1267 | F12: 1384 | G12: 1455 | H12: 1314 | I12: 1174 | J12: 1173 | K12: 1178 | L12: =K12-B12 -> -433 | M12: =K12/B12*100 - 100 -> -26.877716
A13: 生石 | B13: 975 | C13: 914 | D13: 910 | E13: 981 | F13: 877 | G13: 977 | H13: 807 | I13: 701 | J13: 765 | K13: 714 | L13: =K13-B13 -> -261 | M13: =K13/B13*100 - 100 -> -26.769231
... A45: 神和 | B45: 10 | C45: 8 | D45: 5 | E45: 11 | F45: 7 | G45: 5 | H45: 4 | I45: 8 | J45: 8 | K45: 3 | L45: =K45-B45 -> -7 | M45: =K45/B45*100 - 100 -> -70

Sheet 地区外転入
A1: ゾーン | B1: 2011 | C1: 2012 | D1: 2013 | E1: 2014 | F1: 2015 | G1: 2016 | H1: 2017 | I1: 2018 | J1: 2019 | K1: 2020 | L1: 2021 | M1: 2022 | N1: 2023 | O1: 2024 | P1: 期間中増減 | Q1: 期間中増減率
A2: 番町 | B2: 120 | C2: 190 | D2: 203 | E2: 178 | F2: 202 | G2: 151 | H2: 210 | I2: 165 | J2: 169 | K2: 169 | L2: 136 | M2: 170 | N2: 201 | O2: 165 | P2: =O2-B2 -> 45 | Q2: =O2/B2*100-100 -> 37.5
A3: 東雲 | B3: 433 | C3: 485 | D3: 481 | E3: 424 | F3: 552 | G3: 489 | H3: 490 | I3: 414 | J3: 409 | K3: 460 | L3: 447 | M3: 475 | N3: 393 | O3: 390 | P3: =O3-B3 -> -43 | Q3: =O3/B3*100-100 -> -9.9307159
A4: 八坂 | B4: 202 | C4: 242 | D4: 214 | E4: 204 | F4: 233 | G4: 184 | H4: 213 | I4: 161 | J4: 182 | K4: 233 | L4: 195 | M4: 211 | N4: 224 | O4: 254 | P4: =O4-B4 -> 52 | Q4: =O4/B4*100-100 -> 25.742574
A5: 素鵞 | B5: 715 | C5: 892 | D5: 754 | E5: 619 | F5: 763 | G5: 646 | H5: 687 | I5: 719 | J5: 788 | K5: 639 | L5: 680 | M5: 651 | N5: 681 | O5: 622 | P5: =O5-B5 -> -93 | Q5: =O5/B5*100-100 -> -13.006993
A6: 雄郡 | B6: 1355 | C6: 1498 | D6: 1278 | E6: 1320 | F6: 1397 | G6: 1316 | H6: 1309 | I6: 1380 | J6: 1311 | K6: 1360 | L6: 1355 | M6: 1265 | N6: 1181 | O6: 1256 | P6: =O6-B6 -> -99 | Q6: =O6/B6*100-100 -> -7.3062731
A7: 新玉 | B7: 556 | C7: 586 | D7: 511 | E7: 565 | F7: 491 | G7: 502 | H7: 526 | I7: 609 | J7: 603 | K7: 485 | L7: 543 | M7: 541 | N7: 482 | O7: 522 | P7: =O7-B7 -> -34 | Q7: =O7/B7*100-100 -> -6.1151079
A8: 味酒 | B8: 997 | C8: 1165 | D8: 977 | E8: 893 | F8: 955 | G8: 906 | H8: 1017 | I8: 954 | J8: 968 | K8: 1042 | L8: 874 | M8: 808 | N8: 880 | O8: 863 | P8: =O8-B8 -> -134 | Q8: =O8/B8*100-100 -> -13.440321
A9: 清水 | B9: 1178 | C9: 1528 | D9: 1151 | E9: 1101 | F9: 1176 | G9: 1096 | H9: 1059 | I9: 1022 | J9: 1037 | K9: 1167 | L9: 1229 | M9: 1004 | N9: 1066 | O9: 1020 | P9: =O9-B9 -> -158 | Q9: =O9/B9*100-100 -> -13.412564
A10: 桑原 | B10: 790 | C10: 946 | D10: 833 | E10: 736 | F10: 827 | G10: 720 | H10: 759 | I10: 740 | J10: 616 | K10: 650 | L10: 611 | M10: 724 | N10: 667 | O10: 575 | P10: =O10-B10 -> -215 | Q10: =O10/B10*100-100 -> -27.21519
A11: 道後 | B11: 1196 | C11: 1614 | D11: 1330 | E11: 1161 | F11: 1127 | G11: 1132 | H11: 1114 | I11: 1007 | J11: 1059 | K11: 1013 | L11: 1123 | M11: 946 | N11: 1115 | O11: 1041 | P11: =O11-B11 -> -155 | Q11: =O11/B11*100-100 -> -12.959866
A12: 味生 | B12: 636 | C12: 710 | D12: 571 | E12: 609 | F12: 689 | G12: 567 | H12: 619 | I12: 620 | J12: 600 | K12: 596 | L12: 618 | M12: 590 | N12: 565 | O12: 605 | P12: =O12-B12 -> -31 | Q12: =O12/B12*100-100 -> -4.8742138
A13: 生石 | B13: 405 | C13: 531 | D13: 483 | E13: 491 | F13: 414 | G13: 421 | H13: 445 | I13: 397 | J13: 434 | K13: 368 | L13: 416 | M13: 424 | N13: 372 | O13: 342 | P13: =O13-B13 -> -63 | Q13: =O13/B13*100-100 -> -15.555556
... A45: 神和 | B45: 4 | C45: 7 | D45: 2 | E45: 3 | F45: 3 | G45: 12 | H45: 6 | I45: 4 | J45: 1 | K45: 2 | L45: 0 | M45: 4 | N45: 0 | O45: 4 | P45: =O45-B45 -> 0 | Q45: =O45/B45*100-100 -> 0

Sheet 地区別人口
A1: ゾーン | B1: 2005 | C1: 2006 | D1: 2007 | E1: 2008 | F1: 2009 | G1: 2010 | H1: 2011 | I1: 2012 | J1: 2013 | K1: 2014 | L1: 2015 | M1: 2016 | N1: 2017 | O1: 2018 | P1: 2019 | Q1: 2020 | R1: 2021 | S1: 2022 | T1: 2023 | U1: 2024 | V1: 期間中増減数 | W1: 期間中増減率
A2: 番町 | B2: 3835 | C2: 3941 | D2: 3889 | E2: 3827 | F2: 3834 | G2: 3807 | H2: 3769 | I2: 3701 | J2: 3689 | K2: 3748 | L2: 3888 | M2: 3918 | N2: 3882 | O2: 3996 | P2: 3858 | Q2: 3909 | R2: 3941 | S2: 3908 | T2: 3860 | U2: 3966 | V2: =U2-B2 -> 131 | W2: =U2/B2*100 - 100 -> 3.4159061
A3: 東雲 | B3: 7189 | C3: 7170 | D3: 7138 | E3: 7276 | F3: 7257 | G3: 7444 | H3: 7464 | I3: 7596 | J3: 7748 | K3: 7847 | L3: 7929 | M3: 8194 | N3: 8343 | O3: 8432 | P3: 8403 | Q3: 8230 | R3: 8337 | S3: 8345 | T3: 8259 | U3: 8193 | V3: =U3-B3 -> 1004 | W3: =U3/B3*100 - 100 -> 13.965781
A4: 八坂 | B4: 5263 | C4: 5295 | D4: 5149 | E4: 5142 | F4: 5144 | G4: 5086 | H4: 4989 | I4: 4926 | J4: 4878 | K4: 4934 | L4: 4886 | M4: 4980 | N4: 4943 | O4: 4953 | P4: 4905 | Q4: 4828 | R4: 4907 | S4: 4746 | T4: 4730 | U4: 4786 | V4: =U4-B4 -> -477 | W4: =U4/B4*100 - 100 -> -9.0632719
A5: 素鵞 | B5: 20362 | C5: 20172 | D5: 20306 | E5: 20020 | F5: 19949 | G5: 20112 | H5: 19974 | I5: 19649 | J5: 19680 | K5: 19555 | L5: 19310 | M5: 19316 | N5: 19314 | O5: 19169 | P5: 19140 | Q5: 19142 | R5: 18923 | S5: 18812 | T5: 18658 | U5: 18521 | V5: =U5-B5 -> -1841 | W5: =U5/B5*100 - 100 -> -9.0413515
A6: 雄郡 | B6: 30238 | C6: 30391 | D6: 30492 | E6: 30508 | F6: 30979 | G6: 31117 | H6: 31319 | I6: 31656 | J6: 32057 | K6: 32044 | L6: 32164 | M6: 32195 | N6: 32051 | O6: 32062 | P6: 32164 | Q6: 31913 | R6: 31907 | S6: 31989 | T6: 31828 | U6: 31628 | V6: =U6-B6 -> 1390 | W6: =U6/B6*100 - 100 -> 4.5968649
A7: 新玉 | B7: 12666 | C7: 12575 | D7: 12442 | E7: 12355 | F7: 12300 | G7: 12236 | H7: 12173 | I7: 12422 | J7: 12479 | K7: 12421 | L7: 12467 | M7: 12399 | N7: 12430 | O7: 12328 | P7: 12426 | Q7: 12464 | R7: 12333 | S7: 12258 | T7: 12274 | U7: 12112 | V7: =U7-B7 -> -554 | W7: =U7/B7*100 - 100 -> -4.3739144
A8: 味酒 | B8: 20772 | C8: 21001 | D8: 21126 | E8: 21243 | F8: 21422 | G8: 21582 | H8: 21667 | I8: 21559 | J8: 21872 | K8: 21756 | L8: 21685 | M8: 21680 | N8: 21630 | O8: 21700 | P8: 21620 | Q8: 21678 | R8: 21732 | S8: 21341 | T8: 21082 | U8: 20781 | V8: =U8-B8 -> 9 | W8: =U8/B8*100 - 100 -> 0.043327556
A9: 清水 | B9: 23339 | C9: 23277 | D9: 22897 | E9: 22765 | F9: 22697 | G9: 22494 | H9: 22605 | I9: 22659 | J9: 23158 | K9: 23141 | L9: 23240 | M9: 23142 | N9: 22998 | O9: 22824 | P9: 22646 | Q9: 22599 | R9: 22459 | S9: 22586 | T9: 22380 | U9: 22252 | V9: =U9-B9 -> -1087 | W9: =U9/B9*100 - 100 -> -4.6574403
A10: 桑原 | B10: 25394 | C10: 25311 | D10: 25336 | E10: 25402 | F10: 25379 | G10: 25537 | H10: 25693 | I10: 25848 | J10: 26023 | K10: 26118 | L10: 25873 | M10: 25968 | N10: 25825 | O10: 25912 | P10: 26140 | Q10: 25975 | R10: 25854 | S10: 25859 | T10: 25913 | U10: 25916 | V10: =U10-B10 -> 522 | W10: =U10/B10*100 - 100 -> 2.0556037
A11: 道後 | B11: 24426 | C11: 24200 | D11: 24090 | E11: 24188 | F11: 24338 | G11: 24349 | H11: 24340 | I11: 24092 | J11: 24333 | K11: 24425 | L11: 24217 | M11: 24083 | N11: 23992 | O11: 23913 | P11: 23565 | Q11: 23518 | R11: 23359 | S11: 23684 | T11: 23473 | U11: 23462 | V11: =U11-B11 -> -964 | W11: =U11/B11*100 - 100 -> -3.9466143
A12: 味生 | B12: 25834 | C12: 25920 | D12: 25977 | E12: 25969 | F12: 26022 | G12: 26146 | H12: 26224 | I12: 26347 | J12: 26542 | K12: 26693 | L12: 26919 | M12: 27198 | N12: 27338 | O12: 27536 | P12: 27385 | Q12: 27340 | R12: 27371 | S12: 27292 | T12: 27155 | U12: 26993 | V12: =U12-B12 -> 1159 | W12: =U12/B12*100 - 100 -> 4.4863358
A13: 生石 | B13: 18411 | C13: 18574 | D13: 18473 | E13: 18515 | F13: 18531 | G13: 18702 | H13: 18868 | I13: 18848 | J13: 19127 | K13: 19226 | L13: 19269 | M13: 19201 | N13: 19282 | O13: 19298 | P13: 19349 | Q13: 19250 | R13: 19204 | S13: 19138 | T13: 18981 | U13: 18789 | V13: =U13-B13 -> 378 | W13: =U13/B13*100 - 100 -> 2.0531204
... A45: 神和 | B45: 1408 | C45: 1330 | D45: 1288 | E45: 1242 | F45: 1199 | G45: 1168 | H45: 1120 | I45: 1086 | J45: 1037 | K45: 991 | L45: 929 | M45: 887 | N45: 842 | O45: 790 | P45: 743 | Q45: 704 | R45: 675 | S45: 645 | T45: 629 | U45: 596 | V45: =U45-B45 -> -812 | W45: =U45/B45*100 - 100 -> -57.670455

Sheet 地区内転居出率
A1: ゾーン | B1: 2015 | C1: 2016 | D1: 2017 | E1: 2018 | F1: 2019 | G1: 2020 | H1: 2021 | I1: 2022 | J1: 2023 | K1: 2024 | L1: 期間中平均移動率
A2: 番町 | B2: =地区内転居出!B2/地区別人口!L2 -> 0.071244856 | C2: =地区内転居出!C2/地区別人口!M2 -> 0.059213885 | D2: =地区内転居出!D2/地区別人口!N2 -> 0.071097372 | E2: =地区内転居出!E2/地区別人口!O2 -> 0.08033033 | F2: =地区内転居出!F2/地区別人口!P2 -> 0.055987558 | G2: =地区内転居出!G2/地区別人口!Q2 -> 0.050140701 | H2: =地区内転居出!H2/地区別人口!R2 -> 0.042121289 | I2: =地区内転居出!I2/地区別人口!S2 -> 0.059877175 | ... K2: =地区内転居出!K2/地区別人口!U2 -> 0.047907211 | L2: =AVERAGE(B2:K2) -> 0.060242815
A3: 東雲 | B3: =地区内転居出!B3/地区別人口!L3 -> 0.064699205 | C3: =地区内転居出!C3/地区別人口!M3 -> 0.050646815 | D3: =地区内転居出!D3/地区別人口!N3 -> 0.058731871 | E3: =地区内転居出!E3/地区別人口!O3 -> 0.05740038 | F3: =地区内転居出!F3/地区別人口!P3 -> 0.05605141 | G3: =地区内転居出!G3/地区別人口!Q3 -> 0.053948967 | H3: =地区内転居出!H3/地区別人口!R3 -> 0.05097757 | I3: =地区内転居出!I3/地区別人口!S3 -> 0.056081486 | ... K3: =地区内転居出!K3/地区別人口!U3 -> 0.047601611 | L3: =AVERAGE(B3:K3) -> 0.054263405
A4: 八坂 | B4: =地区内転居出!B4/地区別人口!L4 -> 0.071223905 | C4: =地区内転居出!C4/地区別人口!M4 -> 0.066465863 | D4: =地区内転居出!D4/地区別人口!N4 -> 0.06655877 | E4: =地区内転居出!E4/地区別人口!O4 -> 0.063799717 | F4: =地区内転居出!F4/地区別人口!P4 -> 0.065035678 | G4: =地区内転居出!G4/地区別人口!Q4 -> 0.059444905 | H4: =地区内転居出!H4/地区別人口!R4 -> 0.068269819 | I4: =地区内転居出!I4/地区別人口!S4 -> 0.060893384 | ... K4: =地区内転居出!K4/地区別人口!U4 -> 0.062682825 | L4: =AVERAGE(B4:K4) -> 0.064610848
A5: 素鵞 | B5: =地区内転居出!B5/地区別人口!L5 -> 0.073537027 | C5: =地区内転居出!C5/地区別人口!M5 -> 0.068440671 | D5: =地区内転居出!D5/地区別人口!N5 -> 0.070984778 | E5: =地区内転居出!E5/地区別人口!O5 -> 0.067974334 | F5: =地区内転居出!F5/地区別人口!P5 -> 0.068861024 | G5: =地区内転居出!G5/地区別人口!Q5 -> 0.066294013 | H5: =地区内転居出!H5/地区別人口!R5 -> 0.066638482 | I5: =地区内転居出!I5/地区別人口!S5 -> 0.065277482 | ... K5: =地区内転居出!K5/地区別人口!U5 -> 0.061443767 | L5: =AVERAGE(B5:K5) -> 0.06702298
A6: 雄郡 | B6: =地区内転居出!B6/地区別人口!L6 -> 0.06637856 | C6: =地区内転居出!C6/地区別人口!M6 -> 0.060879018 | D6: =地区内転居出!D6/地区別人口!N6 -> 0.059436523 | E6: =地区内転居出!E6/地区別人口!O6 -> 0.058293307 | F6: =地区内転居出!F6/地区別人口!P6 -> 0.06028479 | G6: =地区内転居出!G6/地区別人口!Q6 -> 0.059787547 | H6: =地区内転居出!H6/地区別人口!R6 -> 0.058795876 | I6: =地区内転居出!I6/地区別人口!S6 -> 0.057144643 | ... K6: =地区内転居出!K6/地区別人口!U6 -> 0.053813077 | L6: =AVERAGE(B6:K6) -> 0.058652881
A7: 新玉 | B7: =地区内転居出!B7/地区別人口!L7 -> 0.064971525 | C7: =地区内転居出!C7/地区別人口!M7 -> 0.056375514 | D7: =地区内転居出!D7/地区別人口!N7 -> 0.061222848 | E7: =地区内転居出!E7/地区別人口!O7 -> 0.070408825 | F7: =地区内転居出!F7/地区別人口!P7 -> 0.060196362 | G7: =地区内転居出!G7/地区別人口!Q7 -> 0.057044288 | H7: =地区内転居出!H7/地区別人口!R7 -> 0.060812454 | I7: =地区内転居出!I7/地区別人口!S7 -> 0.053189754 | ... K7: =地区内転居出!K7/地区別人口!U7 -> 0.0540786 | L7: =AVERAGE(B7:K7) -> 0.059484245
A8: 味酒 | B8: =地区内転居出!B8/地区別人口!L8 -> 0.052985935 | C8: =地区内転居出!C8/地区別人口!M8 -> 0.052167897 | D8: =地区内転居出!D8/地区別人口!N8 -> 0.051826167 | E8: =地区内転居出!E8/地区別人口!O8 -> 0.056175115 | F8: =地区内転居出!F8/地区別人口!P8 -> 0.049306198 | G8: =地区内転居出!G8/地区別人口!Q8 -> 0.052218839 | H8: =地区内転居出!H8/地区別人口!R8 -> 0.050110436 | I8: =地区内転居出!I8/地区別人口!S8 -> 0.049857083 | ... K8: =地区内転居出!K8/地区別人口!U8 -> 0.046581012 | L8: =AVERAGE(B8:K8) -> 0.050624339
A9: 清水 | B9: =地区内転居出!B9/地区別人口!L9 -> 0.066566265 | C9: =地区内転居出!C9/地区別人口!M9 -> 0.065638234 | D9: =地区内転居出!D9/地区別人口!N9 -> 0.061440125 | E9: =地区内転居出!E9/地区別人口!O9 -> 0.060375044 | F9: =地区内転居出!F9/地区別人口!P9 -> 0.060584651 | G9: =地区内転居出!G9/地区別人口!Q9 -> 0.064870127 | H9: =地区内転居出!H9/地区別人口!R9 -> 0.065363551 | I9: =地区内転居出!I9/地区別人口!S9 -> 0.060081466 | ... K9: =地区内転居出!K9/地区別人口!U9 -> 0.061882078 | L9: =AVERAGE(B9:K9) -> 0.061773988
A10: 桑原 | B10: =地区内転居出!B10/地区別人口!L10 -> 0.055154022 | C10: =地区内転居出!C10/地区別人口!M10 -> 0.056993222 | D10: =地区内転居出!D10/地区別人口!N10 -> 0.052584705 | E10: =地区内転居出!E10/地区別人口!O10 -> 0.052716888 | F10: =地区内転居出!F10/地区別人口!P10 -> 0.053978577 | G10: =地区内転居出!G10/地区別人口!Q10 -> 0.052935515 | H10: =地区内転居出!H10/地区別人口!R10 -> 0.048464454 | I10: =地区内転居出!I10/地区別人口!S10 -> 0.049344522 | ... K10: =地区内転居出!K10/地区別人口!U10 -> 0.045531718 | L10: =AVERAGE(B10:K10) -> 0.05161735
A11: 道後 | B11: =地区内転居出!B11/地区別人口!L11 -> 0.055167857 | C11: =地区内転居出!C11/地区別人口!M11 -> 0.054478263 | D11: =地区内転居出!D11/地区別人口!N11 -> 0.048974658 | E11: =地区内転居出!E11/地区別人口!O11 -> 0.052858278 | F11: =地区内転居出!F11/地区別人口!P11 -> 0.04969234 | G11: =地区内転居出!G11/地区別人口!Q11 -> 0.046262437 | H11: =地区内転居出!H11/地区別人口!R11 -> 0.051243632 | I11: =地区内転居出!I11/地区別人口!S11 -> 0.051807127 | ... K11: =地区内転居出!K11/地区別人口!U11 -> 0.048461342 | L11: =AVERAGE(B11:K11) -> 0.050435981
A12: 味生 | B12: =地区内転居出!B12/地区別人口!L12 -> 0.052936588 | C12: =地区内転居出!C12/地区別人口!M12 -> 0.051180234 | D12: =地区内転居出!D12/地区別人口!N12 -> 0.047369961 | E12: =地区内転居出!E12/地区別人口!O12 -> 0.049789367 | F12: =地区内転居出!F12/地区別人口!P12 -> 0.049224028 | G12: =地区内転居出!G12/地区別人口!Q12 -> 0.051207023 | H12: =地区内転居出!H12/地区別人口!R12 -> 0.04950495 | I12: =地区内転居出!I12/地区別人口!S12 -> 0.041880405 | ... K12: =地区内転居出!K12/地区別人口!U12 -> 0.044381877 | L12: =AVERAGE(B12:K12) -> 0.048155471
A13: 生石 | B13: =地区内転居出!B13/地区別人口!L13 -> 0.050184234 | C13: =地区内転居出!C13/地区別人口!M13 -> 0.043122754 | D13: =地区内転居出!D13/地区別人口!N13 -> 0.043512084 | E13: =地区内転居出!E13/地区別人口!O13 -> 0.043683283 | F13: =地区内転居出!F13/地区別人口!P13 -> 0.046617396 | G13: =地区内転居出!G13/地区別人口!Q13 -> 0.047584416 | H13: =地区内転居出!H13/地区別人口!R13 -> 0.041553843 | I13: =地区内転居出!I13/地区別人口!S13 -> 0.038562023 | ... K13: =地区内転居出!K13/地区別人口!U13 -> 0.038746075 | L13: =AVERAGE(B13:K13) -> 0.043471252
... A45: 神和 | B45: =地区内転居出!B45/地区別人口!L45 -> 0.02583423 | C45: =地区内転居出!C45/地区別人口!M45 -> 0.025930101 | D45: =地区内転居出!D45/地区別人口!N45 -> 0.035629454 | E45: =地区内転居出!E45/地区別人口!O45 -> 0.030379747 | F45: =地区内転居出!F45/地区別人口!P45 -> 0.028263795 | G45: =地区内転居出!G45/地区別人口!Q45 -> 0.018465909 | H45: =地区内転居出!H45/地区別人口!R45 -> 0.014814815 | I45: =地区内転居出!I45/地区別人口!S45 -> 0.010852713 | ... K45: =地区内転居出!K45/地区別人口!U45 -> 0.013422819 | L45: =AVERAGE(B45:K45) -> 0.021790201

Sheet 地区外転出率
A1: ゾーン | B1: 2015 | C1: 2016 | D1: 2017 | E1: 2018 | F1: 2019 | G1: 2020 | H1: 2021 | I1: 2022 | J1: 2023 | K1: 2024 | L1: 期間中平均移動率
A2: 番町 | B2: =地区外転出!F2/地区別人口!L2 -> 0.036779835 | C2: =地区外転出!G2/地区別人口!M2 -> 0.042623788 | D2: =地区外転出!H2/地区別人口!N2 -> 0.047140649 | E2: =地区外転出!I2/地区別人口!O2 -> 0.040790791 | F2: =地区外転出!J2/地区別人口!P2 -> 0.045878694 | G2: =地区外転出!K2/地区別人口!Q2 -> 0.037349706 | H2: =地区外転出!L2/地区別人口!R2 -> 0.043897488 | I2: =地区外転出!M2/地区別人口!S2 -> 0.039406346 | ... K2: =地区外転出!O2/地区別人口!U2 -> 0.048411498 | L2: =AVERAGE(B2:K2) -> 0.041828916
A3: 東雲 | B3: =地区外転出!F3/地区別人口!L3 -> 0.051456678 | C3: =地区外転出!G3/地区別人口!M3 -> 0.050524774 | D3: =地区外転出!H3/地区別人口!N3 -> 0.049142994 | E3: =地区外転出!I3/地区別人口!O3 -> 0.054079696 | F3: =地区外転出!J3/地区別人口!P3 -> 0.059264548 | G3: =地区外転出!K3/地区別人口!Q3 -> 0.044957473 | H3: =地区外転出!L3/地区別人口!R3 -> 0.043900684 | I3: =地区外転出!M3/地区別人口!S3 -> 0.051527861 | ... K3: =地区外転出!O3/地区別人口!U3 -> 0.050897107 | L3: =AVERAGE(B3:K3) -> 0.050624219
A4: 八坂 | B4: =地区外転出!F4/地区別人口!L4 -> 0.039091281 | C4: =地区外転出!G4/地区別人口!M4 -> 0.040562249 | D4: =地区外転出!H4/地区別人口!N4 -> 0.040056646 | E4: =地区外転出!I4/地区別人口!O4 -> 0.02988088 | F4: =地区外転出!J4/地区別人口!P4 -> 0.037104995 | G4: =地区外転出!K4/地区別人口!Q4 -> 0.038318144 | H4: =地区外転出!L4/地区別人口!R4 -> 0.039331567 | I4: =地区外転出!M4/地区別人口!S4 -> 0.043194269 | ... K4: =地区外転出!O4/地区別人口!U4 -> 0.041370664 | L4: =AVERAGE(B4:K4) -> 0.038717708
A5: 素鵞 | B5: =地区外転出!F5/地区別人口!L5 -> 0.033195236 | C5: =地区外転出!G5/地区別人口!M5 -> 0.031787119 | D5: =地区外転出!H5/地区別人口!N5 -> 0.034172103 | E5: =地区外転出!I5/地区別人口!O5 -> 0.031874381 | F5: =地区外転出!J5/地区別人口!P5 -> 0.034064786 | G5: =地区外転出!K5/地区別人口!Q5 -> 0.033643297 | H5: =地区外転出!L5/地区別人口!R5 -> 0.031126143 | I5: =地区外転出!M5/地区別人口!S5 -> 0.034127153 | ... K5: =地区外転出!O5/地区別人口!U5 -> 0.034285406 | L5: =AVERAGE(B5:K5) -> 0.033450673
A6: 雄郡 | B6: =地区外転出!F6/地区別人口!L6 -> 0.040542221 | C6: =地区外転出!G6/地区別人口!M6 -> 0.04205622 | D6: =地区外転出!H6/地区別人口!N6 -> 0.038875542 | E6: =地区外転出!I6/地区別人口!O6 -> 0.040296925 | F6: =地区外転出!J6/地区別人口!P6 -> 0.040635493 | G6: =地区外転出!K6/地区別人口!Q6 -> 0.037069533 | H6: =地区外転出!L6/地区別人口!R6 -> 0.037734666 | I6: =地区外転出!M6/地区別人口!S6 -> 0.041733096 | ... K6: =地区外転出!O6/地区別人口!U6 -> 0.041830024 | L6: =AVERAGE(B6:K6) -> 0.040441454
A7: 新玉 | B7: =地区外転出!F7/地区別人口!L7 -> 0.041309056 | C7: =地区外転出!G7/地区別人口!M7 -> 0.040406484 | D7: =地区外転出!H7/地区別人口!N7 -> 0.042477876 | E7: =地区外転出!I7/地区別人口!O7 -> 0.040152498 | F7: =地区外転出!J7/地区別人口!P7 -> 0.040318687 | G7: =地区外転出!K7/地区別人口!Q7 -> 0.039634146 | H7: =地区外転出!L7/地区別人口!R7 -> 0.037541555 | I7: =地区外転出!M7/地区別人口!S7 -> 0.039647577 | ... K7: =地区外転出!O7/地区別人口!U7 -> 0.042767503 | L7: =AVERAGE(B7:K7) -> 0.04058881
A8: 味酒 | B8: =地区外転出!F8/地区別人口!L8 -> 0.047359926 | C8: =地区外転出!G8/地区別人口!M8 -> 0.045664207 | D8: =地区外転出!H8/地区別人口!N8 -> 0.044059177 | E8: =地区外転出!I8/地区別人口!O8 -> 0.043732719 | F8: =地区外転出!J8/地区別人口!P8 -> 0.03987049 | G8: =地区外転出!K8/地区別人口!Q8 -> 0.041424486 | H8: =地区外転出!L8/地区別人口!R8 -> 0.045969078 | I8: =地区外転出!M8/地区別人口!S8 -> 0.038751699 | ... K8: =地区外転出!O8/地区別人口!U8 -> 0.041720803 | L8: =AVERAGE(B8:K8) -> 0.043072126
A9: 清水 | B9: =地区外転出!F9/地区別人口!L9 -> 0.046600688 | C9: =地区外転出!G9/地区別人口!M9 -> 0.04740299 | D9: =地区外転出!H9/地区別人口!N9 -> 0.049917384 | E9: =地区外転出!I9/地区別人口!O9 -> 0.047318612 | F9: =地区外転出!J9/地区別人口!P9 -> 0.045526804 | G9: =地区外転出!K9/地区別人口!Q9 -> 0.045798487 | H9: =地区外転出!L9/地区別人口!R9 -> 0.042922659 | I9: =地区外転出!M9/地区別人口!S9 -> 0.04533782 | ... K9: =地区外転出!O9/地区別人口!U9 -> 0.044175804 | L9: =AVERAGE(B9:K9) -> 0.045901376
A10: 桑原 | B10: =地区外転出!F10/地区別人口!L10 -> 0.028871797 | C10: =地区外転出!G10/地区別人口!M10 -> 0.033464264 | D10: =地区外転出!H10/地区別人口!N10 -> 0.030319458 | E10: =地区外転出!I10/地区別人口!O10 -> 0.030372028 | F10: =地区外転出!J10/地区別人口!P10 -> 0.028156083 | G10: =地区外転出!K10/地区別人口!Q10 -> 0.026948989 | H10: =地区外転出!L10/地区別人口!R10 -> 0.027307187 | I10: =地区外転出!M10/地区別人口!S10 -> 0.028578058 | ... K10: =地区外転出!O10/地区別人口!U10 -> 0.024039204 | L10: =AVERAGE(B10:K10) -> 0.028379704
A11: 道後 | B11: =地区外転出!F11/地区別人口!L11 -> 0.05107982 | C11: =地区外転出!G11/地区別人口!M11 -> 0.046796495 | D11: =地区外転出!H11/地区別人口!N11 -> 0.047265755 | E11: =地区外転出!I11/地区別人口!O11 -> 0.04825827 | F11: =地区外転出!J11/地区別人口!P11 -> 0.046594526 | G11: =地区外転出!K11/地区別人口!Q11 -> 0.043200952 | H11: =地区外転出!L11/地区別人口!R11 -> 0.04105484 | I11: =地区外転出!M11/地区別人口!S11 -> 0.043109272 | ... K11: =地区外転出!O11/地区別人口!U11 -> 0.04338931 | L11: =AVERAGE(B11:K11) -> 0.045531108
A12: 味生 | B12: =地区外転出!F12/地区別人口!L12 -> 0.025112374 | C12: =地区外転出!G12/地区別人口!M12 -> 0.020736819 | D12: =地区外転出!H12/地区別人口!N12 -> 0.02205721 | E12: =地区外転出!I12/地区別人口!O12 -> 0.024694945 | F12: =地区外転出!J12/地区別人口!P12 -> 0.023699105 | G12: =地区外転出!K12/地区別人口!Q12 -> 0.021616679 | H12: =地区外転出!L12/地区別人口!R12 -> 0.022907457 | I12: =地区外転出!M12/地区別人口!S12 -> 0.025245493 | ... K12: =地区外転出!O12/地区別人口!U12 -> 0.023783944 | L12: =AVERAGE(B12:K12) -> 0.02359634
A13: 生石 | B13: =地区外転出!F13/地区別人口!L13 -> 0.02439151 | C13: =地区外転出!G13/地区別人口!M13 -> 0.021873861 | D13: =地区外転出!H13/地区別人口!N13 -> 0.024426927 | E13: =地区外転出!I13/地区別人口!O13 -> 0.022593015 | F13: =地区外転出!J13/地区別人口!P13 -> 0.023412063 | G13: =地区外転出!K13/地区別人口!Q13 -> 0.022441558 | H13: =地区外転出!L13/地区別人口!R13 -> 0.022547386 | I13: =地区外転出!M13/地区別人口!S13 -> 0.024715226 | ... K13: =地区外転出!O13/地区別人口!U13 -> 0.022619618 | L13: =AVERAGE(B13:K13) -> 0.02339935
... A45: 神和 | B45: =地区外転出!F45/地区別人口!L45 -> 0.010764263 | C45: =地区外転出!G45/地区別人口!M45 -> 0.010146561 | D45: =地区外転出!H45/地区別人口!N45 -> 0.0023752969 | E45: =地区外転出!I45/地区別人口!O45 -> 0.011392405 | F45: =地区外転出!J45/地区別人口!P45 -> 0.0067294751 | G45: =地区外転出!K45/地区別人口!Q45 -> 0.0071022727 | H45: =地区外転出!L45/地区別人口!R45 -> 0.0059259259 | I45: =地区外転出!M45/地区別人口!S45 -> 0.0046511628 | ... K45: =地区外転出!O45/地区別人口!U45 -> 0.0016778523 | L45: =AVERAGE(B45:K45) -> 0.0070304166
